insert into user_entity (account_non_expired, account_non_locked, address, avatar, created_at, credentials_non_expired, email, id, enabled, full_name, last_password_change_at, password, phone_number, roles, username) values ('true', 'true', '20 Lindbergh Terrace', 'https://robohash.org/estlaudantiumconsequatur.png?size=50x50&set=set1', '2022-09-03', 'true', 'eantoniutti0@furl.net', '2bd9e760-a11e-5d8f-9641-1c54e79c57a1', 'true', 'Elicia Antoniutti', '2022-09-05', '{bcrypt}$2a$12$Xu/N89rRxDYgkAiR0RkGjeTedfUYUXtC3E/KnUZbuH99Q.nE1XCyO', '80132928', 'PROPIETARIO', 'eantoniutti0'); --Password: Eu57ESbiU
insert into user_entity (account_non_expired, account_non_locked, address, avatar, created_at, credentials_non_expired, email, id, enabled, full_name, last_password_change_at, password, phone_number, roles, username) values ('true', 'true', '1360 Burning Wood Park', 'https://robohash.org/aliquidatnatus.png?size=50x50&set=set1', '2022-09-25', 'true', 'rjersh1@icq.com', '99ec6bb0-6c98-593c-812b-86ab4de48361', 'true', 'Rivi Jersh', '2022-08-01', '{bcrypt}$2a$12$EAJXi42SY4uE2gfFL8KrB.Svom7uQYd/rGQYTPqmZ2sO12AY2yhsu', '21039090', 'PROPIETARIO', 'rjersh1'); --Password: 3xPIFHwpE
insert into user_entity (account_non_expired, account_non_locked, address, avatar, created_at, credentials_non_expired, email, id, enabled, full_name, last_password_change_at, password, phone_number, roles, username) values ('true', 'true', '05 Algoma Alley', 'https://robohash.org/veroquaecorporis.png?size=50x50&set=set1', '2022-05-28', 'true', 'vhame2@plala.or.jp', '3724f1a1-cfed-52ec-b1fa-9c41b6928648', 'true', 'Victor Hame', '2022-11-29', '{bcrypt}$2a$12$g7j5iG0BOLgypEBqDZlN6u25yMwwKhO94xfHFYeAwNI5T9rDYCpKq', '94973360', 'PROPIETARIO', 'vhame2'); --Password: MqrpQOZ1tCkp
insert into user_entity (account_non_expired, account_non_locked, address, avatar, created_at, credentials_non_expired, email, id, enabled, full_name, last_password_change_at, password, phone_number, roles, username) values ('true', 'true', '4664 Clarendon Hill', 'https://robohash.org/explicabonostrumveniam.png?size=50x50&set=set1', '2023-02-02', 'true', 'msincock3@purevolume.com', '0e1d860d-fc9d-5b38-8db0-769b64fdc9f9', 'true', 'Melitta Sincock', '2022-03-18', '{bcrypt}$2a$12$QTvfsK.vsF9./mi017XCjOLwfaosjaDWUZM2hflovawn4u3sZp4Fu', '87594393', 'INQUILINO', 'msincock3'); --Password: xo6dDhWC4Jk
insert into user_entity (account_non_expired, account_non_locked, address, avatar, created_at, credentials_non_expired, email, id, enabled, full_name, last_password_change_at, password, phone_number, roles, username) values ('true', 'true', '2 Westerfield Plaza', 'https://robohash.org/molestiaslaudantiumconsequatur.png?size=50x50&set=set1', '2023-01-05', 'true', 'hwhistlecraft4@privacy.gov.au', '60fd46e5-e6a9-5f4f-851e-da2b18aec4af', 'true', 'Hilliary Whistlecraft', '2023-01-03', '{bcrypt}$2a$12$nWn3rjORk6rrJItv0YgQa.wC0nILjJoF7yQYkU39anf3piBH8kqCq', '21615937', 'INQUILINO', 'hwhistlecraft4'); --Password: EGFgZ74Jr6WI
insert into user_entity (account_non_expired, account_non_locked, address, avatar, created_at, credentials_non_expired, email, id, enabled, full_name, last_password_change_at, password, phone_number, roles, username) values ('true', 'true', '854 Hermina Drive', 'https://robohash.org/idquout.png?size=50x50&set=set1', '2022-06-19', 'true', 'nchaffin5@loc.gov', 'ce802e0d-45d6-55ca-90f2-5dc19d03f327', 'true', 'Norbie Chaffin', '2022-11-29', '{bcrypt}$2a$12$lqc42rBxhErdRH9v29z90O9sgBXGSJo5jBgQnWItudotGwg3bul/u', '53921042', 'PROPIETARIO', 'nchaffin5'); --Password: 0A5h7XlT
insert into user_entity (account_non_expired, account_non_locked, address, avatar, created_at, credentials_non_expired, email, id, enabled, full_name, last_password_change_at, password, phone_number, roles, username) values ('true', 'true', '8967 Bunker Hill Circle', 'https://robohash.org/molestiasquoitaque.png?size=50x50&set=set1', '2022-11-10', 'true', 'ndominiak6@cpanel.net', '41c242d6-1921-5ab5-9016-e1fefacd6e20', 'true', 'Nikaniki Dominiak', '2022-09-02', '{bcrypt}$2a$12$gaUVnFeA2EeqsIIaw4ag7.eZaWGFyWKd2mTJr8Yag9Hk8HbQK7LO6', '47486872', 'INQUILINO', 'ndominiak6'); --Password: aVR09XM3yrw
insert into user_entity (account_non_expired, account_non_locked, address, avatar, created_at, credentials_non_expired, email, id, enabled, full_name, last_password_change_at, password, phone_number, roles, username) values ('true', 'true', '335 Victoria Way', 'https://robohash.org/isteacumque.png?size=50x50&set=set1', '2022-03-15', 'true', 'mfuncheon7@cocolog-nifty.com', '1433977b-5d90-5506-b4f6-d6d6302e5107', 'true', 'Madge Funcheon', '2022-06-15', '{bcrypt}$2a$12$YnhPmObkXZYyJoWqKZFMxeK3XNKPUfqkoKqGNx/oJ6nC1ELl74dEi', '67479071', 'INQUILINO', 'mfuncheon7'); --Password: 8qjsxZuK7
insert into user_entity (account_non_expired, account_non_locked, address, avatar, created_at, credentials_non_expired, email, id, enabled, full_name, last_password_change_at, password, phone_number, roles, username) values ('true', 'true', '087 Vernon Parkway', 'https://robohash.org/nisidolorumiste.png?size=50x50&set=set1', '2022-12-27', 'true', 'cfarran8@europa.eu', 'de4fab48-c431-54b6-ac87-3d5856774866', 'true', 'Carmela Farran', '2022-07-25', '{bcrypt}$2a$12$AP6hdaMtwBaaSP5HVTru/.1bqhGEcU6j11r7VyyaqeVFipwQnU./2', '66246701', 'PROPIETARIO', 'cfarran8'); --Password: qstkCRAkQY7
insert into user_entity (account_non_expired, account_non_locked, address, avatar, created_at, credentials_non_expired, email, id, enabled, full_name, last_password_change_at, password, phone_number, roles, username) values ('true', 'true', '44207 Rieder Parkway', 'https://robohash.org/exquiiusto.png?size=50x50&set=set1', '2022-07-08', 'true', 'rfassbindler9@wikia.com', '579c921e-0bc0-5142-82ea-b04cceb6dd97', 'true', 'Ranique Fassbindler', '2022-11-05', '{bcrypt}$2a$12$6R.jvOOAyMG90J08nQ9FQOCfD17yFGxSnHwrpcb6wFd.m0u2daf0e', '13790609', 'INQUILINO', 'rfassbindler9'); --Password: GtIle1Fj87
insert into user_entity (account_non_expired, account_non_locked, address, avatar, created_at, credentials_non_expired, email, id, enabled, full_name, last_password_change_at, password, phone_number, roles, username) values ('true', 'true', '916 Moland Hill', 'https://robohash.org/utquaeratfacere.png?size=50x50&set=set1', '2022-08-08', 'true', 'blahivea@goodreads.com', '3e35d4f4-7716-54b2-9bdf-805ac4f5b6f0', 'true', 'Beth Lahive', '2022-04-29', '{bcrypt}$2a$12$x/P838zKbsi1enH8iNHYT.FmZT4LWbJUtnSCoh6FiVSesHINRa.C6', '77961241', 'PROPIETARIO', 'blahivea'); --Password: 5wBWgkKEboI
insert into user_entity (account_non_expired, account_non_locked, address, avatar, created_at, credentials_non_expired, email, id, enabled, full_name, last_password_change_at, password, phone_number, roles, username) values ('true', 'true', '921 Artisan Drive', 'https://robohash.org/aliasidexercitationem.png?size=50x50&set=set1', '2022-06-30', 'true', 'dmckeanb@google.nl', '6c6f05bc-ec76-5476-ad6e-26a30ee33609', 'true', 'Domeniga McKean', '2022-07-17', '{bcrypt}$2a$12$Dyk4XRUDxIv8gfvnczw2H.uNbazdan.7pRq0eRGMqR6Uq5IrmHm7G', '91216383', 'INQUILINO', 'dmckeanb'); --Password: 51xOFiHncD
insert into user_entity (account_non_expired, account_non_locked, address, avatar, created_at, credentials_non_expired, email, id, enabled, full_name, last_password_change_at, password, phone_number, roles, username) values ('true', 'true', '528 Mayfield Crossing', 'https://robohash.org/evenietnonest.png?size=50x50&set=set1', '2022-04-20', 'true', 'bslixbyc@youtube.com', '7b48e939-d701-5a27-9c92-468c2a534bf8', 'true', 'Bonita Slixby', '2023-02-03', '{bcrypt}$2a$12$VMHP4Vt7yDirD6rlvd/njOt3lIuKFDRi9wagaG.ZGUttu8qYTC1W.', '15814560', 'INQUILINO', 'bslixbyc'); --Password: wlqgvP9t2yFr
insert into user_entity (account_non_expired, account_non_locked, address, avatar, created_at, credentials_non_expired, email, id, enabled, full_name, last_password_change_at, password, phone_number, roles, username) values ('true', 'true', '52104 Portage Street', 'https://robohash.org/necessitatibusquiaprovident.png?size=50x50&set=set1', '2022-03-25', 'true', 'ftustind@imgur.com', 'e78192f9-31db-577a-879d-1a1e733f506f', 'true', 'Frederico Tustin', '2022-08-22', '{bcrypt}$2a$12$ZCXGpTkM8jwOD5ys6Dmg1uxa/6mSmd9DOjWE/qB9ZgaWW3S3AKhpu', '43031597', 'INQUILINO', 'ftustind'); --Password: WZK5C8Juf69
insert into user_entity (account_non_expired, account_non_locked, address, avatar, created_at, credentials_non_expired, email, id, enabled, full_name, last_password_change_at, password, phone_number, roles, username) values ('true', 'true', '37266 Oxford Crossing', 'https://robohash.org/doloremquesiteum.png?size=50x50&set=set1', '2022-09-18', 'true', 'draimbaulde@samsung.com', 'de39ff65-266c-57ab-8b5f-f8b8aac4534c', 'true', 'Darell Raimbauld', '2022-11-10', '{bcrypt}$2a$12$uY4uB27PjJGwz4ttlj8Ej.d9khh8KKzZj5ytq9R8VsH8OUiTF1kGe', '60173138', 'INQUILINO', 'draimbaulde'); --Password: 7b2GsXZbFwhg
insert into user_entity (account_non_expired, account_non_locked, address, avatar, created_at, credentials_non_expired, email, id, enabled, full_name, last_password_change_at, password, phone_number, roles, username) values ('true', 'true', '88 Morrow Crossing', 'https://robohash.org/sintexplicaboqui.png?size=50x50&set=set1', '2022-06-28', 'true', 'bbrennanf@addtoany.com', '75577a8a-c151-528a-ac2f-4273bff9f73d', 'true', 'Brena Brennan', '2022-04-05', '{bcrypt}$2a$12$XzVoc1bi9GuTd1BtymM8Re4dEwB0GAQkNaZFSeWEcjKZPjWpJ96ey', '83881333', 'INQUILINO', 'bbrennanf'); --Password: fsPl9UwuOsv
insert into user_entity (account_non_expired, account_non_locked, address, avatar, created_at, credentials_non_expired, email, id, enabled, full_name, last_password_change_at, password, phone_number, roles, username) values ('true', 'true', '3 Waubesa Circle', 'https://robohash.org/iureeumdicta.png?size=50x50&set=set1', '2022-12-20', 'true', 'dcarsg@sfgate.com', 'a5c05234-df87-5fbf-bc6c-27ceaa162e51', 'true', 'Dexter Cars', '2022-02-25', '{bcrypt}$2a$12$2LI8kWhMrqxgjcoIgMcJTOeNCQyNK.vRKHShjH90SQJQ1XheM20I.', '52455648', 'INQUILINO', 'dcarsg'); --Password: NR0ZsMh65rT
insert into user_entity (account_non_expired, account_non_locked, address, avatar, created_at, credentials_non_expired, email, id, enabled, full_name, last_password_change_at, password, phone_number, roles, username) values ('true', 'true', '8 Golf Course Way', 'https://robohash.org/nesciuntodiodolores.png?size=50x50&set=set1', '2022-11-15', 'true', 'mornizh@fema.gov', 'f87239fd-e902-5cf7-8e9e-4b85bf5d323d', 'true', 'Marney Orniz', '2022-05-27', '{bcrypt}$2a$12$/yH88WQ3BHjIVl43tenYF.CSSokhlYu4ExypaEIuE9KxKVk3eTu1G', '47159572', 'PROPIETARIO', 'mornizh'); --Password: WiWE62tvsx2
insert into user_entity (account_non_expired, account_non_locked, address, avatar, created_at, credentials_non_expired, email, id, enabled, full_name, last_password_change_at, password, phone_number, roles, username) values ('true', 'true', '4 Manufacturers Point', 'https://robohash.org/nihilautemdolores.png?size=50x50&set=set1', '2022-02-13', 'true', 'llahivei@tumblr.com', '5bd0ab0d-7b12-5485-a1c2-83d3d463add8', 'true', 'Lavinia Lahive', '2022-12-04', '{bcrypt}$2a$12$V.FigAyTAVE9b6WkPzbVY.ak9zI0MMATKJmXfNOyUUFmgEF/v562W', '42483798', 'PROPIETARIO', 'llahivei'); --Password: ACOBuZY54rKL
insert into user_entity (account_non_expired, account_non_locked, address, avatar, created_at, credentials_non_expired, email, id, enabled, full_name, last_password_change_at, password, phone_number, roles, username) values ('true', 'true', '29 Washington Crossing', 'https://robohash.org/nonrepudiandaeaut.png?size=50x50&set=set1', '2022-03-27', 'true', 'rkilcoyne2c@nbcnews.com', '7ede3dc5-670e-57a7-a5f1-c8c6d15f9b24', 'true', 'Robena Kilcoyne', '2022-08-05', '{bcrypt}$2a$12$1JInxU7qThnzglgGlfhr9OFUjkRm3nukGWBVZLqr6JvUgcs2RHetS', '29825958', 'INQUILINO', 'rkilcoyne2c'); --Password:

INSERT INTO province (id, name) VALUES(NEXTVAL('hibernate_sequence'), 'A Coruña'),(NEXTVAL('hibernate_sequence'), 'Alava'),(NEXTVAL('hibernate_sequence'), 'Albacete'),(NEXTVAL('hibernate_sequence'), 'Alicante'),(NEXTVAL('hibernate_sequence'), 'Almería'),(NEXTVAL('hibernate_sequence'), 'Asturias'),(NEXTVAL('hibernate_sequence'), 'Avila'),(NEXTVAL('hibernate_sequence'), 'Badajoz'),(NEXTVAL('hibernate_sequence'), 'Baleares'),(NEXTVAL('hibernate_sequence'), 'Barcelona'),(NEXTVAL('hibernate_sequence'), 'Bizkaia'),(NEXTVAL('hibernate_sequence'), 'Burgos'),(NEXTVAL('hibernate_sequence'), 'Cáceres'),(NEXTVAL('hibernate_sequence'), 'Cádiz'),(NEXTVAL('hibernate_sequence'), 'Cantabria'),(NEXTVAL('hibernate_sequence'), 'Castellón'),(NEXTVAL('hibernate_sequence'), 'Ceuta'),(NEXTVAL('hibernate_sequence'), 'Ciudad Real'),(NEXTVAL('hibernate_sequence'), 'Córdoba'),(NEXTVAL('hibernate_sequence'), 'Cuenca'),(NEXTVAL('hibernate_sequence'), 'Guipuzkoa'),(NEXTVAL('hibernate_sequence'), 'Girona'),(NEXTVAL('hibernate_sequence'), 'Granada'),(NEXTVAL('hibernate_sequence'), 'Guadalajara'),(NEXTVAL('hibernate_sequence'), 'Huelva'),(NEXTVAL('hibernate_sequence'), 'Huesca'),(NEXTVAL('hibernate_sequence'), 'Jaén'),(NEXTVAL('hibernate_sequence'), 'La Rioja'),(NEXTVAL('hibernate_sequence'), 'Las Palmas'),(NEXTVAL('hibernate_sequence'), 'León'),(NEXTVAL('hibernate_sequence'), 'Lugo'),(NEXTVAL('hibernate_sequence'), 'Lleida'),(NEXTVAL('hibernate_sequence'), 'Madrid'),(NEXTVAL('hibernate_sequence'), 'Málaga'),(NEXTVAL('hibernate_sequence'), 'Melilla'),(NEXTVAL('hibernate_sequence'), 'Murcia'),(NEXTVAL('hibernate_sequence'), 'Navarra'),(NEXTVAL('hibernate_sequence'), 'Ourense'),(NEXTVAL('hibernate_sequence'), 'Palencia'),(NEXTVAL('hibernate_sequence'), 'Pontevedra'),(NEXTVAL('hibernate_sequence'), 'Salamanca'),(NEXTVAL('hibernate_sequence'), 'Segovia'),(NEXTVAL('hibernate_sequence'), 'Sevilla'),(NEXTVAL('hibernate_sequence'), 'Soria'),(NEXTVAL('hibernate_sequence'), 'Tarragona'),(NEXTVAL('hibernate_sequence'), 'Tenerife'),(NEXTVAL('hibernate_sequence'), 'Teruel'),(NEXTVAL('hibernate_sequence'), 'Toledo'),(NEXTVAL('hibernate_sequence'), 'Valencia'),(NEXTVAL('hibernate_sequence'), 'Valladolid'),(NEXTVAL('hibernate_sequence'), 'Zamora'),(NEXTVAL('hibernate_sequence'), 'Zaragoza');

insert into dwelling (id, name, address, description, image, type, price, m2, num_bedrooms, num_bathrooms, has_elevator, has_pool, has_terrace, has_garage, province_id, user_id) values (NEXTVAL('hibernate_sequence'), 'Estancia Campos De Lino', 'Torrejón del Rey - Guadalajara', 'Chalet independiente en parcela de 600 metros. Divido en 2 plantas sin escaleras son independientes las 2, la parte de arriba con 3 dormitorios muy amplios con armarios empotrados y maleteros grandes, aire acondicionado con bomba cde calor y calefacción por gasoil, ventanas de pvc Climalit 10 y mosquiteras, las puertas son de ancho para minusvalidos, para baño. completo con ventana mosquitera y bañera, cocina completa con mesa y banco 2 ventanas, vitrocerámica de inducción, puerta corredera para no entorpecer en la cocina salón con 2 terrazas grande con chimenea. Una de ellas está cerrada con cerramiento y sirve para habitación o despacho o q se requiera a gusto de las necesidades de ca uno, tiene mucho sol y vistas al jardín, suelos rústicos. Terraza abierta más pequeña para tender y da a la piscina y vistas, entrada con una cancela cerrada de aluminio y ventana oscilobatiente y puerta corredera antimosquitos y entrada a la casa con holl amplio q de frente el salón, derecha habitaciones e izda. Cocina. Portero automático y puerta con motor para meter el coche si uno quiere hay suficiente para aparcar fuera, pero tiene su cochera por si quieres meter motos o bicis. Segunda vivienda las dos miden 150metros cada una. Entras y tienes un salón garaje muy grande con armario, para lavadora o secadora y preparada para poner pila si quieres, cuarto de calderas con depósito 750 litros y tiene espacio para trastos, 2 habitaciones una forrada toda de madera con armario empotrados 3 cuerpos más maleteros amplios da a la piscina, otro salón muy grande con la cocina tipo isla y chimenea, tiene unas puertas correderas grandes para diferenciar los espacios, luego otra habitación con puerta corredera aire acondicionado y bomba de calor y baño completo con ventana mosquitera y plato de ducha. Está para entrar a vivir.', 'https://robohash.org/laboreullamaut.png?size=50x50&set=set1', 'CHALET', 803.38, 300 , 5, 2, false, true, true, true, 24, '2bd9e760-a11e-5d8f-9641-1c54e79c57a1');
insert into dwelling (id, name, address, description, image, type, price, m2, num_bedrooms, num_bathrooms, has_elevator, has_pool, has_terrace, has_garage, province_id, user_id) values (NEXTVAL('hibernate_sequence'), 'Piso Acogedor', 'Casco Antiguo, Cáceres', 'Se alquila apartamento muy luminoso en la zona de Cáceres. Tiene una superficie de 55 m2, distribuidos en 2 habitaciones, 1 baño, comedor y cocina, con electrodomésticos. Es exterior, con una excelente situación cerca de colegio, farmacia, ambulatorio, parque y parada de bus. CIUDAD MONUMENTAL. Apartamento de unos 65 m2 aproximadamente a menos de 2 minutos andando de la Plaza Mayor de 2 dormitorios(el principal con cama de matrimonio de 1,35 y armario de 4 puertas y el pequeño con cama de 90 y armario empotrado de 2 puertas, 1 baño completo con bañera, salón comedor con cocina americana más arcón congelador y terraza de unos 25 m2 aproximadamente. Totalmente amueblado, suelos de tarima. Aire acondicionado y calefacción individual electrifica. Todo exterior y muy luminoso. No mascotas. Comunidad e internet incluidos en el precio. Gente seria y responsable que acredite sus ingresos.', 'https://robohash.org/veniamiustoqui.png?size=50x50&set=set1', 'PISO', 450, 55, 2, 1, false, false, true, false, 13, '2bd9e760-a11e-5d8f-9641-1c54e79c57a1');
insert into dwelling (id, name, address, description, image, type, price, m2, num_bedrooms, num_bathrooms, has_elevator, has_pool, has_terrace, has_garage, province_id, user_id) values (NEXTVAL('hibernate_sequence'), 'Casa Los Rodríguez', 'La Sierrilla, Cáceres', 'Situado en la Sierrilla, la zona de mayor exquisitez urbanística de Cáceres. Es una construcción de diseño proyectada sobre una parcela de 1142 metros cuadrados, con diversos tipos de árboles frutales, palmeras, dos porches cubiertos en la estructura de la vivienda y una pérgola para las noches de verano; piscina con iluminación interna y riego por aspersores, espacio vallado con casita para perro y casa de almacenaje con la depuradora. La vivienda se construyó en el año 2000 con materiales de máxima calidad y todo tipo de detalles y comodidades. Cuenta con 145 metros cada una de las tres plantas, estando el garaje integrado en la estructura de la vivienda. Se diseñó con el propósito de sacarle el mayor rendimiento a su orientación y con diversas capas de materiales de gran consistencia en aislamiento para evitar cualquier tipo de problemática en cuanto a humedad. Considerando la amplitud de las estancias, se distribuye en salón de doble ambiente, dos cocinas equipadas con todos los electrodomésticos, cinco dormitorios con armarios empotrados –el principal tiene terraza, armario corrido tipo vestidor y baño completo con hidromasaje tres baños y un aseo, despensas y estancias de almacenaje.  Como características más destacadas cuenta con calefacción por gasóleo, independiente en cada planta, aire acondicionado por conductos, también independiente, puertas blindadas, suelo de tarima, azulejos Porcelanosa, carpintería de roble de gran calidad, ventanas de doble acristalamiento y climalit, hilo musical en todas las estancias… Comunidad de 42Euros por mantenimiento de la urbanización.', 'https://robohash.org/voluptatemenimnihil.png?size=50x50&set=set1', 'CASA', 1500.94, 435, 5, 4, false, true, true, true, 36, '2bd9e760-a11e-5d8f-9641-1c54e79c57a1');
insert into dwelling (id, name, address, description, image, type, price, m2, num_bedrooms, num_bathrooms, has_elevator, has_pool, has_terrace, has_garage, province_id, user_id) values (NEXTVAL('hibernate_sequence'), 'Casa Rural', 'Urb. El Fargue, Albaicín, Granada', 'Casa independiente con: 3 dormitorios. Amplio salón con cocina incorporada. Baño. Patio exterior. Porche. Con 2000 metros de parcela, en el precio esta incluido el agua de la acequia ainadamar y las placas solares. Agua potable de pago. Calefacción de gasóleo. Chimenea. Totalmente amueblada. Autobús urbano a tres minutos. Tarifa TAXI ciudad.', 'https://robohash.org/porropraesentiumdistinctio.png?size=50x50&set=set1', 'CASA', 1100, 100, 3, 1, false, false, false, true, 23, '99ec6bb0-6c98-593c-812b-86ab4de48361');
insert into dwelling (id, name, address, description, image, type, price, m2, num_bedrooms, num_bathrooms, has_elevator, has_pool, has_terrace, has_garage, province_id, user_id) values (NEXTVAL('hibernate_sequence'), 'Piso en alquiler en FLOTA DE INDIAS', 'Ramón de Carranza - Madre Rafols, Sevilla', 'FANTÁSTICA VIVIENDA en primera planta alta de gran edificio de LOS REMEDIOS. GRAN OPORTUNIDAD DE VIVIR MIRANDO AL ALJARAFE SEVILLANO Y A LA FERIA. Magnífico piso en venta en el Barrio de Los Remedios, exterior de 4 habitaciones que goza de gran situación, a unos minutos de la parada de Metro. Próximo a colegios de la zona, comercios y servicios de autobuses, a un paso de la Feria y del conocido Parque de los Principes. La vivienda es luminosa donde poder disfrutar de grandes vistas, podrá convertirla en un hogar maravilloso y confortable, con distintas posibilidades de reforma. El Piso cuenta con muchas posibilidades un hall de entrada desde donde se distribuye la vivienda, con un posible gran salón – comedor con salida a una amplia terraza que comunica con la calle Flota de Indias. Junto al salón se encuentra un baño que dará servicio a sus invitados. Frente al salón podrá disfrutar de un fantástico espacio donde montar una moderna cocina, y un lavadero donde poder lavar su colada. En el pasillo nos encontramos con estancias de 4 dormitorios, algunos con Armarios Empotrados y 2 baños completos, uno de ellos en Suite en el dormitorio principal. Su distribución permite sacar dos fantásticos vestidores donde ubicar todas sus pertenencias. Para su bienestar, el edificio posee dos ascensores y en el portal tiene acceso para personas con movilidad reducida. La propiedad posee una plaza de garaje incluida en el precio y situada en el mismo edificio, donde se accede desde el ascensor que les lleva a su vivienda. ¿Quiere saber más? Estamos encantados de ayudarle a elegir el mejor hogar para su familia.', 'https://robohash.org/iureconsequuntursed.png?size=50x50&set=set1', 'PISO', 765.22, 222, 4, 2, true, false, true, false, 43, 'ce802e0d-45d6-55ca-90f2-5dc19d03f327');
insert into dwelling (id, name, address, description, image, type, price, m2, num_bedrooms, num_bathrooms, has_elevator, has_pool, has_terrace, has_garage, province_id, user_id) values (NEXTVAL('hibernate_sequence'), 'Piso barato en Barcelona', 'Les Roquetes, Barcelona', 'Piso en alquiler en Barcelona. Dispone de una superficie de 59 m2 distribuidos en salón-comedor muy luminoso con acceso a balcón, 3 habitaciones, cocina y 1 baño. Situado en una zona cerca de servicios, comercios, paradas de autobús y la parada de metro Roquetes (L3). Con fácil acceso a la B-20. Se alquila sin amueblar.', 'https://robohash.org/eoseaqueest.png?size=50x50&set=set1', 'PISO', 788.51, 65, 3, 1, false, false, true, false, 10, 'de4fab48-c431-54b6-ac87-3d5856774866');
insert into dwelling (id, name, address, description, image, type, price, m2, num_bedrooms, num_bathrooms, has_elevator, has_pool, has_terrace, has_garage, province_id, user_id) values (NEXTVAL('hibernate_sequence'), 'Piso en Fotógrafo Angel Llanos, 14', 'As Travesas - Balaídos, Vigo', 'Se alquila precioso piso nuevo en Fotógrafo Ángel Llanos, muy cerca de Florida, Balaidos, Plaza America y zona de playas. Inmejorable situación. Cuenta con todos los servicios necesarios cerca, así como supermercados, paradas de autobús, entidades bancarias, parques, colegios, farmacias, etc… El piso se alquila amueblado y se distribuye en hall de entrada, cocina completamente equipada con todos los electrodomésticos (horno, vitro, campana, frigorífico combi, microondas, LAVAVAJILLAS), zona de lavadero con lavadora y tendal, amplio salón comedor con todo tipo de mobiliario y sofá con mecanismo eléctrico, dos dormitorios completos con armarios empotrados (camas de 135 y 90 cm respectivamente), tercera habitación VESTIDOR con grandes armarios empotrados con mucho espacio y dos baños completos ambos con plato de ducha. También dispone una buenísima plaza de garaje en el mismo edificio incluida en el precio y un trastero individual con suelo de plaqueta. Buenísimas calidades de construcción en toda la vivienda, electrodomésticos de primeras marcas y ventanas aislantes. Se aceptan mascotas siempre y cuando se haga la visita con la misma y se cumplan requisitos.', 'https://robohash.org/errorquiaaut.png?size=50x50&set=set1', 'PISO', 770, 88, 2, 2, true, false, false, true, 40, '3724f1a1-cfed-52ec-b1fa-9c41b6928648');
insert into dwelling (id, name, address, description, image, type, price, m2, num_bedrooms, num_bathrooms, has_elevator, has_pool, has_terrace, has_garage, province_id, user_id) values (NEXTVAL('hibernate_sequence'), 'Esmeralda (Chalet adosado en calle Toronga, 11)', 'Conde Orgaz-Piovera, Madrid', 'Se alquila duplex de 250 metros en la zona de Arturo Soria una de las mas prestigiosas de la ciudad, a 3minutos andando del Liceo Frances. La vivienda consta de 3 dormitorios, el ppal. en suite y los otros 2 dobles comparten un baño y en la planta baja se encuentra una gran cocina de 45 m2 con zona de comedor para 8 personas y barra de. desayuno. Se encuentra un gran salòn con salida a la piscina y jardin privado para uso exclusivo del inquilino, y un aseo. La casa dispone de trastero En las inmediaciones se encuentran varios colegios de. prestigio y centros comerciales como. Carrefour, Mercadona, Palacio de hielo, El corte ingles etc. Muy bien comunicado con varias lineas de autobuses y el metro de Arturo soria. La vivienda se entrega semi amueblada.', 'https://robohash.org/illumsapientevel.png?size=50x50&set=set1', 'CHALET', 2495.6, 235, 3, 3, false, true, true, true, 33, 'f87239fd-e902-5cf7-8e9e-4b85bf5d323d');
insert into dwelling (id, name, address, description, image, type, price, m2, num_bedrooms, num_bathrooms, has_elevator, has_pool, has_terrace, has_garage, province_id, user_id) values (NEXTVAL('hibernate_sequence'), 'Piso en Zapillo', 'C/ Paterna del Río, Almería', 'Si lo que estás buscando es un apartamento en el mismo Paseo Marítimo, aquí tienes la oportunidad. Un amplio salón con grandes ventanales que entra luz por doquier. Dormitorio con gran armario empotrado. Si te gusta oler a mar y disfrutar del paseo marítimo todo el año ya puedes venir a verlo. Parada de autobús al bajar de casa, todo tipo de comercios en la zona como supermercados, fruterías, restauración, etc.', 'https://robohash.org/commodiquopraesentium.png?size=50x50&set=set1', 'PISO', 550.65, 55, 1, 1, true, false, true, false, ´5, '99ec6bb0-6c98-593c-812b-86ab4de48361');
insert into dwelling (id, name, address, description, image, type, price, m2, num_bedrooms, num_bathrooms, has_elevator, has_pool, has_terrace, has_garage, province_id, user_id) values (NEXTVAL('hibernate_sequence'), 'Chalet independiente en calle de Santa Isabel, 51', 'Els Masos, El Vendrell', 'Casa individual con piscina privada distribuida en dos plantas, situado en la urbanización Dels Garrofers zona muy tranquila con poco tráfico. En la entrada nos encontramos con dos zonas de terraza, en una de ellas tenemos un fabuloso chill out para disfrutar de las noches de verano y un fabuloso garaje! Al entrar por la puerta principal de la vivienda encontrará recibidor, cocina, aseo y comedor con chimenea con salida a un porche exterior y piscina En la primera planta, se encuentran los 4 dormitorios tres de ellos dobles y 2 cuartos de baño uno de ellos en la Suite. La decoración es detallista, ofreciendo un ambiente acogedor. Tiene una superficie construida de 397 metros cuadrados. Tiene a su disposición un jardín fabuloso con césped artificial y jardinera que no le harán ser un esclavo para su mantenimiento. Encontrará la piscina y un cuarto de maquinas en la parte posterior del chalé con ducha exterior. En esta casa, podrá disfrutar de un micro clima todo el año y de la vida en exterior. Tambien tiene una barbacoa de piedra fija y facilidades para cocinar. La Urbanización cuenta con servicios y comodidades. A escasos minutos de la playa de Coma-ruga incluso caminando y muy cercano a supermercados y gasolinera. Excelente comunicación con (AP-7, C-32) carretera y tren. Junto al Vendrell, que la abastece de todos los servicios indispensables para su bienestar: hospital, farmacias, colegios, comercios…A tan solo 45 minutos de Barcelona y su aeropuerto. Esta muy bien conservada y equipada con calefacción de gas natural y aire acondicionado, armarios empotrados y mucho mas.', 'https://robohash.org/odioaliquamlabore.png?size=50x50&set=set1', 'CHALET', 1500.08, 397, 4, 3, false, true, true, true, 45, '3e35d4f4-7716-54b2-9bdf-805ac4f5b6f0');
insert into dwelling (id, name, address, description, image, type, price, m2, num_bedrooms, num_bathrooms, has_elevator, has_pool, has_terrace, has_garage, province_id, user_id) values (NEXTVAL('hibernate_sequence'), 'Casa adosado en calle Vicente Trueba, 7', 'Alisal - Cazoña - San Román, Santander', 'Urbanización Altamira, chalet adosado, en zona residencial. Puesto con muy buen gusto…  Impecable. Cuenta con 4 plantas. Planta sótano con 2 grandes trasteros, zona de almacenaje y lavadoras y un amplio garaje cerrado también con zona de almacenaje. Planta baja con un porche de entrada cerrado, cuarto de baño completo, amplia cocina completamente equipada y gran salón comedor con chimenea y salida al jardín (35m2). Planta primera con 3 habitaciones completas (la suite con vestidor) y cuarto de baño con bañera de hidromasaje. Planta segunda o bajo cubierta, gran habitación/espacio multiusos, diáfano con dos velux.', 'https://robohash.org/necessitatibusanimirerum.png?size=50x50&set=set1', 'CASA', 1200.44, 180, 4, 2, false, false, true, true, 15, 'ce802e0d-45d6-55ca-90f2-5dc19d03f327');
insert into dwelling (id, name, address, description, image, type, price, m2, num_bedrooms, num_bathrooms, has_elevator, has_pool, has_terrace, has_garage, province_id, user_id) values (NEXTVAL('hibernate_sequence'), 'Piso en calle medinaceli', 'Centro, Soria', 'Se alquila excepcional y luminosa vivienda en quinta planta con unas vistas únicas al parque de la Dehesa, y con una ubicación inmejorable dentro de la zona centro de la ciudad. Una oportunidad excelente de vivienda de calidad en la capital soriana. Perfecta para funcionarios/trabajadores que busquen compartir una vivienda amplia, o pareja/familia. La finca es un edificio regio y de estilo arquitectónico sobrio, elegante y minimalista. Y la vivienda cuenta con abundante luz natural en diferentes orientaciones a lo largo del día, vistas alegres y extensas y amplitud en sus estancias. La casa, ubicada en una quinta planta, cuenta con orientación Oeste fundamentalmente, y con un balcón que da al famoso parque de la Dehesa, pulmón verde de la ciudad, uno de los puntos fuertes de la vivienda, pues brindan unas vistas inigualables del entorno durante todo el día. 84 m2 útiles de vivienda que se reparten en recibidor, gran salón comedor, amplia cocina independiente, 3 dormitorios dobles y 2 baños completos. Electrodomésticos nuevos a estrenar en la cocina, baños recién reformados en su totalidad y mobiliario nuevo mezclado con otras piezas más clásicas y en perfecto estado y calidades. El suelo es de parquet y la calefacción es central con radiadores originales metálicos (la mejor opción para Soria). Y la iluminación es de tipo LED de bajo consumo. Armarios y demás muebles de almacenaje en cada estancia. La finca cuenta con dos ascensores y portero físico, y la vivienda se alquila con una plaza de garaje en el mismo edificio incluida en el precio. Los gastos de suministros de agua caliente y calefacción se cobran con un fijo incluido en el precio al mes de 150€. Si hubiera un exceso de consumo en los suministros se notificaría y cobraría a parte. Luz y agua fría a parte, a domiciliar en la cuenta bancaria del inquilino, y abonar según consumo.', 'https://robohash.org/quoetexcepturi.png?size=50x50&set=set1', 'PISO', 900.71, 84, 3, 2, true, false, true, true, 44, '3724f1a1-cfed-52ec-b1fa-9c41b6928648');
insert into dwelling (id, name, address, description, image, type, price, m2, num_bedrooms, num_bathrooms, has_elevator, has_pool, has_terrace, has_garage, province_id, user_id) values (NEXTVAL('hibernate_sequence'), 'Estancia Campos De Lino en avenida de Los Recreos', 'Girón - Villa del Prado, Valladolid', 'Se alquila casa de una planta con patio en el barrio Girón. La vivienda está totalmente reformada y cuenta con tres dormitorios, salón, cocina amueblada y equipada con todos los electrodomésticos y un baño. Amueblada. Patio de noventa metros cuadrados y almacén con portón (no tiene vado). Se encuentra en la parte baja del barrio, junto a Mieses. Se piden nóminas y fianza. Ven a visitarla.', 'https://robohash.org/autemetet.png?size=50x50&set=set1', 'CASA', 850.19, 79, 3, 1, false, false, true, true, 50, 'de4fab48-c431-54b6-ac87-3d5856774866');
insert into dwelling (id, name, address, description, image, type, price, m2, num_bedrooms, num_bathrooms, has_elevator, has_pool, has_terrace, has_garage, province_id, user_id) values (NEXTVAL('hibernate_sequence'), 'Piso en Sagasta', 'Centro Histórico - Plaza España, Cádiz', 'Piso en alquiler como vivienda habitual. Tiene 3 dormitorios uno interior y dos exteriores. Salón con dos balcones, exterior. Cocina amueblada sin electrodomésticos, solo tiene placa de gas. Termo de gas butano. El cuarto de baño tiene ducha. La vivienda no está amueblada. Es una 4ª planta SIN ASCENSOR, es la última planta del edificio, muy luminoso y céntrico. La azotea está disponible para poder tender. Tiene supermercados cerca, zona comercial, centro histórico. Las condiciones de alquiler son las siguientes, un mes de fianza para depositar en la J. A., contrato de vivienda habitual, y presentar documentos y nóminas que justifiquen la capacidad de pago de la renta del alquiler, (superar el S. M. I más el importe del alquiler). Los honorarios de inmobiliaria son el importe de renta mas los impuestos correspondientes por parte del inquilino. Es necesario dar de alta los suministros de luz y de agua. El importe del alquiler son 600€ mensuales.', 'https://robohash.org/quidemplaceatconsequatur.png?size=50x50&set=set1', 'PISO', 600.14, 60, 3, 1, false, false, true, false, 14, '99ec6bb0-6c98-593c-812b-86ab4de48361');
insert into dwelling (id, name, address, description, image, type, price, m2, num_bedrooms, num_bathrooms, has_elevator, has_pool, has_terrace, has_garage, province_id, user_id) values (NEXTVAL('hibernate_sequence'), 'El Refugio, Casa en calle Albahaca Nº36', 'Hervencias Altas - El Pinar, Ávila', 'COMO ES: Esta es una vivienda unifamiliar adosada, situada en una zona residencial consolidada y muy reconocida de la moderna ampliación de la Ciudad, totalmente exterior, independiente en todos sus servicios, con una orientación excelente, suroeste en la fachada de parcela y noroeste en la de la entrada. Super luminosa y bien soleada con espacio de vida y de ocio de grandes proporciones. Muchas actualizaciones de calidades y materiales como las ventanas de PVC, la tarima AC6, la ampliación del espacio libre en el salón, el completísimo equipamiento de la cocina que incluye electrodomésticos de gama alta o el ático totalmente acondicionado para múltiples usos. QUE INCLUYE: La vivienda se encuentra distribuida en tres plantas, la baja, con vestíbulo, salón comedor, cocina, baño, el garaje y la parcela de ocio que tiene dos zonas, la de estar con un porche acondicionado y cerrado acristalado y la de la jardín, en la que se puede instalar una piscina o cualquier otra instalación de disfrute, jardín y perfectamente perimetrada. La primera planta contempla tres dormitorios de tamaño muy generoso, el principal tipo suite y con un práctico, vestidor, y dos cuartos de baños. En la planta superior, la del ático, un espacio diáfano de planta entera que tiene múltiples posibilidades de distribución y aprovechamiento. QUE POSIBILIDADES TIENE: Tanto por necesidad familiar o simplemente porque quieres más espacio, vivir de forma independiente o acceder a la calidad de vida que ofrecen estas vivienda, ésta es perfecta. Porque además de haberse mejorado muchísimo en su calidades y equipamiento se encuentra en un estado impecable, lista para amueblar y disfrutar. SU ENTORNO Y UBICACION: La v vivienda forma parte de la Urbanización Dehesa del Pinar. un conjunto urbanístico desarrollado hace unos 15 años y que mantuvo la estructura e imagen construida y que ha dado lugar a una urbanización muy agradable, y cómoda par vivir. Fácilmente accesible cuenta con zonas ajardinadas, con espacios de juegos infantiles, tiene paradas de autobús urbano y en coche se tarda 10 minutos en llegar al Centro de la Ciudad además de estar bien conectaba con el resto de zonas y las salidas principales a otras vías.', 'https://robohash.org/etquamcorrupti.png?size=50x50&set=set1', 'CASA', 900.77, 202, 3, 3, false, false, true, true, 7, '3e35d4f4-7716-54b2-9bdf-805ac4f5b6f0');
insert into dwelling (id, name, address, description, image, type, price, m2, num_bedrooms, num_bathrooms, has_elevator, has_pool, has_terrace, has_garage, province_id, user_id) values (NEXTVAL('hibernate_sequence'), 'Chalet independiente en calle Lamas de Prado, 66 B', 'La Milagrosa, Lugo', 'Casa independiente que en su planta baja se accede al garaje. La primera planta consta de dos habitaciones, una de ellas de matrimonio, la segunda con dos camas gemelas de 90cm, baño completo y un amplio salón comedor, la cocina esta equipada con electrodomésticos y da acceso a la joya de la casa que es una gran terraza cubierta bien orientada para aprovechar así gran cantidad de luz durante todo el día. Y para finalizar en la segunda planta también incluimos una zona completamente diáfana y con entrada de luz natural.', 'https://robohash.org/doloremdoloremquemodi.png?size=50x50&set=set1', 'CHALET', 420.34, 150, 2, 1, false, false, true, true, 31, '3724f1a1-cfed-52ec-b1fa-9c41b6928648');
insert into dwelling (id, name, address, description, image, type, price, m2, num_bedrooms, num_bathrooms, has_elevator, has_pool, has_terrace, has_garage, province_id, user_id) values (NEXTVAL('hibernate_sequence'), 'Casa independiente en calle Naon, 20 A', 'Viella-Granda-Meres, Siero', 'Se alquila CASA con JARDÍN en la Carretera de Viella de Lugones, muy cerca de Lugones donde tiene todos los servicios y del CC Parque Principado. Es una casa de dos plantas con dos viviendas y de la que se alquila la planta baja. Con una superficie de 93 m2 distribuidos en 3 dormitorios, salón, cocina amueblada y equipada con electrodomésticos y baño. Dos de los dormitorios están amueblados. La casa incluye jardín, garaje, una caseta de aperos y una zona con barbacoa. La calefacción es de gas natural.', 'https://robohash.org/velquaequia.png?size=50x50&set=set1', 'CASA', 650.24, 93, 3, 1, false, false, true, true, 6, 'de4fab48-c431-54b6-ac87-3d5856774866');
insert into dwelling (id, name, address, description, image, type, price, m2, num_bedrooms, num_bathrooms, has_elevator, has_pool, has_terrace, has_garage, province_id, user_id) values (NEXTVAL('hibernate_sequence'), 'Chalet independiente en ronda San Cristobal', 'Cizur, Navarra', 'Espectacular vivienda unifamiliar con mucho encanto, cálida y acogedora con muy buena calidad constructiva además de una excelente distribución.  Destaca también su buena situación dentro de la Urbanización. Si quieres vivir en un unifamiliar aislado en Zizur Mayor Urbanización ven a verlo! Cuenta con precioso jardín totalmente consolidado con piscina de 49 m2. Y acceso directo a zona común de 7300 m2 con piscina y mobiliario jardín. La parcela es de 1326 m2 y esta muy bien orientada además de ser totalmente llana. De la distribución de la casa hablaremos ahora, destacando la cantidad de luz y su gran distribución además de sus amplios espacios y grandes ventanales. La vivienda cuenta con dos plantas sobre rasante y una planta bajo rasante. PLANTA BAJA: Desde esta planta podemos acceder de la calle directamente al jardín y a la vivienda por la puerta principal. Al acceder a la vivienda nos encontramos un gran vestíbulo con doble altura y grandes ventanales que le dan mucha luz. En esta planta además tenemos un gran salón comedor con chimenea y diferentes ambientes, una amplia cocina con ventanal al jardín y salida al porche que cuenta con toldos automáticos y comunicado con el jardín de la casa. Además en esta planta tenemos 2 habitaciones dobles y dos baños, siendo una de ellas la habitación principal con amplio ventanal al jardín y que cuenta con un gran vestidor y un baño en suite con ventana al jardín. PLANTA PRIMERA: A esta planta se accede desde una escalera que se sitúa en el vestíbulo de la casa y que te llevara a las 4 amplias estancias dormitorios y dos baños que encontraremos en esta planta. Dos habitaciones cuentan con ventanas velux automáticas y otras dos con amplios ventanales al jardín y salida a balcón. PLANTA SOTANO: Esta planta cuenta con varias zonas bien diferenciadas. Por un lado tenemos el garaje de 41 m2, un gran txoko con cocina equipada de 133 m2 además de un gimnasio equipado y una bodega. Del gimnasio se puede acceder directamente al jardín. En esta planta hay además una habitación y un aseo. La vivienda esta en perfecto estado y tienen muchas mejoras que paso a enumerar: -La carpintería exterior es de Aluminio con rotura de puente térmico y persianas motorizadas en toda la casa. Además cuentan con mosquiteras. -Toda la vivienda esta climatizada. Además de bien aislada. -El jardín cuenta con riego automático por aspersión y por sectores. -La piscina esta en perfecto estado. En uno de los laterales de la casa, que esta pavimentado, se pueden dejar hasta 2 coches. En el garaje convencional caben otros 2. Ven a visitarla!', 'https://robohash.org/delectusatqueeum.png?size=50x50&set=set1', 'CHALET', 3000, 465, 6, 5, false, true, true, true, 37, 'ce802e0d-45d6-55ca-90f2-5dc19d03f327');
insert into dwelling (id, name, address, description, image, type, price, m2, num_bedrooms, num_bathrooms, has_elevator, has_pool, has_terrace, has_garage, province_id, user_id) values (NEXTVAL('hibernate_sequence'), 'Piso en calle Orient', 'Santa Eugenia, Girona', 'PROMOCIÓN: 1 MES DE ALQUILER GRATIS si reservas antes del 28 de febrero. Y además, ¡sin comisiones de agencia! Piso en alquiler de 77 m² ubicado en Girona. Vivienda de segunda mano que pertenece a un edificio residencial construido en 1959 aproximadamente, localizado en la cuarta planta con la siguiente distribución: salón-comedor con balcón, cocina con galería amueblada independiente, equipada con placa vitrocerámica, horno y campana extractora de humos, 3 dormitorios y 1 baño. Además, cuenta con armarios empotrados y radiadores para la calefacción. Siempre es una inversión rentable. El inmueble está ubicado en zona residencial consolidada, cerca de varios servicios y equipamiento como supermercados, cafeterías, plazas, centros deportivos, parques, centros educativos y otros establecimientos comerciales. Bien comunicado mediante estación de tren a 7 minutos en coche y a 13 minutos andando. También enlaza con las principales carreteras de la zona por su uso en menos de 5 minutos aproximadamente. Con nuestros servicios podrá encontrar la vivienda que necesita. Empiece ahora mismo pidiendo más información. Un responsable cercano a usted le atenderá personalmente. “[A efectos informativos, se hace constar que el índice de referencia de precios de alquiler de la vivienda es de 9,21€/m2. ]” Requisitos: 1 mes de fianza. Seguro de vivienda y de impagos a cargo del inquilino. Se llevará a cabo un análisis de solvencia para el que solo se tendrán en cuenta ingresos demostrables. Promoción válida para contratos firmados antes de 28 de febrero del 2023 (incluido). Esta promoción no es acumulable. Condiciones válidas para inmuebles identificados en webs y portales con detalle promocional de campaña identificado en descriptivo del anuncio.', 'https://robohash.org/doloresomnisexercitationem.png?size=50x50&set=set1', 'PISO', 814.98, 76, 3, 1, false, false, false, false, 48, '3724f1a1-cfed-52ec-b1fa-9c41b6928648');
insert into dwelling (id, name, address, description, image, type, price, m2, num_bedrooms, num_bathrooms, has_elevator, has_pool, has_terrace, has_garage, province_id, user_id) values (NEXTVAL('hibernate_sequence'), 'Chalet independiente en calle Junco, 1', 'Alcolea, Córdoba', 'Chalet situado en Urbanización Encinares de Alcolea. Vivienda en planta baja tiene 5 estancias amplia cocina, salón con chimenea. La habitación principal dispone de baño, vestidor. Buhardilla de 20m, sala de usos múltiples de 29m en zona semisótano y garaje 40m. Aire acondicionado frío y caliente centralizado. Terreno con magnificas vistas a la campiña, la casa esta situada en la parte alta con magnificas vistas. Piscina con baño, vestuario y dos terrazas. Dispone de garaje, zonas ajardinadas, árboles frutales. A 12km de Córdoba. Espacio para plantar más plantas, el terreno completo son 3200 metros cuadrados. Para amantes de las plantas y la naturaleza. SE ALQUILA A PARTIR DEL 15 DE ABRIL. Alquiler de larga duración.', 'https://robohash.org/commodiametnatus.png?size=50x50&set=set1', 'CHALET', 1250.36, 328, 5, 3, false, true, true, true, 19, 'f87239fd-e902-5cf7-8e9e-4b85bf5d323d');
insert into dwelling (id, name, address, description, image, type, price, m2, num_bedrooms, num_bathrooms, has_elevator, has_pool, has_terrace, has_garage, province_id, user_id) values (NEXTVAL('hibernate_sequence'), 'Piso en calle la Florida, 2', 'La Florida, Sevilla', 'Loftsevilla Consultores alquila vivienda a estrenar en el nuevo edificio de La Florida. Gran piso de dos dormitorios y dos baños completos, uno con bañera y el de la habitación principal con plato de ducha, salón comedor con asceso directo a la terraza con vistas a las zonas comunes y cocina completa con todos los electrodomesticos con asceso directo tambien a la terraza. Electrodomésticos: horno eléctrico, microondas, placa vitrocerámica y campana extractora, frigorífico, lavadora y lavavajillas. Solería de tarima flotante, ventanas de PVC blancas por dentro y gris por fuera, doble acristalamiento y persianas automáticas en los dormitorios. Suministros de luz y agua no incluidos en el precio.', 'https://robohash.org/utinrem.png?size=50x50&set=set1', 'PISO', 1350.78, 119, 2, 2, true, true, true, true, 43, 'ce802e0d-45d6-55ca-90f2-5dc19d03f327');
insert into dwelling (id, name, address, description, image, type, price, m2, num_bedrooms, num_bathrooms, has_elevator, has_pool, has_terrace, has_garage, province_id, user_id) values (NEXTVAL('hibernate_sequence'), 'Chalet independiente en Aljaraque', 'La Costa, Huelva', 'Fantástica vivienda de 2 plantas + buhardilla en el centro de Aljaraque. Vivienda de 130 M2, totalmente exterior y en perfecto estado de conservación. En la primera planta cuenta con salón comedor, cocina totalmente amueblada y equipada con electrodomésticos con acceso a patio interior, y un aseo. En la segunda planta dispone de 2 dormitorios y baño completo con plato de ducha. En planta buhardilla dispone de un dormitorio y solárium de 20 M2 aproximadamente. La vivienda se alquila amueblada. Muy buena comunicación con todo tipo de servicios y comercios. No se admiten mascota.', 'https://robohash.org/quamnonminima.png?size=50x50&set=set1', 'CHALET', 700.06, 130, 3, 1, false, false, true, false, 25, '3724f1a1-cfed-52ec-b1fa-9c41b6928648');
insert into dwelling (id, name, address, description, image, type, price, m2, num_bedrooms, num_bathrooms, has_elevator, has_pool, has_terrace, has_garage, province_id, user_id) values (NEXTVAL('hibernate_sequence'), 'Casa independiente en calle Galia', 'Alicante Golf, Alicante / Alacant', 'Espectacular chalet de diseño de 500 m2, en parcela de 1.220 m2, en el corazón de la Playa de San Juan. Entre el Golf y el mar. Todo un lujo! Dispone de piscina privada y seis dormitorios, totalmente amueblados. 5 baños, dos de ellos con bañera de hidromasaje. La suite principal tiene más de 40 metros, incluye cama de 2x2 metros con colchón de látex, persianas de seguridad automáticas, amplio vestidor, baño con ducha de mármol y bañera de hidromasaje con madera de Teka de la marca Jacuzzi, con luz bajo el agua y vistas al jardín, sistema multiclin de Roca en el wc, que integra el bidé y el inodoro en una experiencia de lujo. Salón de 100 metros con chimenea automática a gas, TV. Cocina isla y vistas al jardín y electrodomésticos Siemens. Zona lavadero, con lavadora de gran capacidad y 2 secadoras. Amplias zonas comunes interiores. Porches y terrazas de más de 100 metros, dotados de tumbonas, y parasoles. Zona solárium piscina de césped artificial. Tiene iluminación nocturna automática por led, iluminación en piscina. Estores solares automáticos. Garaje cerrado para cuatro vehículos. La villa está situada en la zona del golf de la Playa de San Juan. Tiene acceso andando a todos los servicios, supermercado a 250 metros, cafeterías, restaurantes, comercios, bancos, correos, TRAM con dos paradas muy cerca y autobuses a 200 metros, pero en parcela privada de total tranquilidad. Playa de la Albufereta andando a 14 minutos, a 900 m de distancia. El club de Golf de Alicante andando a 950 metros. El club náutico a 800 metros, dónde se puede practicar vela y otros deportes náuticos. El espectacular Gimnasio Arena a 800 metros. La Playa de San Juan a 1.900 metros, a 27 minutos caminando y a 7 minutos en coche. Los restos arqueológicos de Lucentum, antigua ciudad romana a 600 metros. El centro de la ciudad de Alicante a 6,7 kilómetros, a 12 minutos, accesible en coche, tranvía o autobús, con las principales cadenas comerciales en la Avd. Maisonnave y sus animados restaurantes, pubs y discotecas. La divertida ciudad de Benidorm a 42 km y a 30 minutos en coche, con el parque de atracciones Terra Mítica, el parque de vida salvaje Terra Natura y el parque acuático Aqualandia.', 'https://robohash.org/molestiaeenimblanditiis.png?size=50x50&set=set1', 'CASA', 6000.12, 500, 6, 5, false, true, true, true, 4, 'de4fab48-c431-54b6-ac87-3d5856774866');
insert into dwelling (id, name, address, description, image, type, price, m2, num_bedrooms, num_bathrooms, has_elevator, has_pool, has_terrace, has_garage, province_id, user_id) values (NEXTVAL('hibernate_sequence'), 'Piso en paseo heriz', 'Antiguo, Donostia-San Sebastián', 'En el barrio del Antiguo, en edificio de construcción reciente, alquilamos este caprichooso apartamento. Consta de salón comedor, cocina equipada y dormitorio con amplio armario y baño con ducha incorporado, tipo suite. Se accede a una amplia terraza tanto desde el salón como desde el dormitorio con vistas a la bahía, Monte Igeldo, Isla Santa Clara y Monte Urgul La carpintería interior es de madera, ventanas climalit y los servicios individuales mediante caldera de gas natural. Dispone de un garaje cerrado motorizado en el mismo edificio de 28 m2. que esta comunicado con la vivienda mediante ascensor. Se solicitan nóminas, 1 mes de fianza a depositar ante el gobierno vasco y 2 meses de depósito adicional. Los honorarios de la agencia inmobiliaria son por cuenta del inquilino. No se admiten mascotas.', 'https://robohash.org/animiquasperferendis.png?size=50x50&set=set1', 'PISO', 921.43, 43, 1, 1, true, false, true, false, 21, '2bd9e760-a11e-5d8f-9641-1c54e79c57a1');
insert into dwelling (id, name, address, description, image, type, price, m2, num_bedrooms, num_bathrooms, has_elevator, has_pool, has_terrace, has_garage, province_id, user_id) values (NEXTVAL('hibernate_sequence'), 'Casa adosada en Pau 2 - 600', 'Puertollano, Ciudad Real', 'Zona con preciosas vistas al parque de los patos. Unifamiliar con dos plantas, más magnífica planta sótano con chimenea y muebles rústicos de diseño. Calefacción individual y aire acondicionado en dormitorio principal. Cochera espaciosa.', 'https://robohash.org/atoditest.png?size=50x50&set=set1', 'CASA', 525.7, 183, 3, 2, false, false, true, true, 18, '3e35d4f4-7716-54b2-9bdf-805ac4f5b6f0');
insert into dwelling (id, name, address, description, image, type, price, m2, num_bedrooms, num_bathrooms, has_elevator, has_pool, has_terrace, has_garage, province_id, user_id) values (NEXTVAL('hibernate_sequence'), 'Piso en calle Buen Suceso, 35', 'San Mamés- La Palomera, León ', 'Piso precioso, amueblado, espacioso, y moderno. Muy luminoso, buena orientación y con buenas vistas a zona despejada con áreas verdes, deportivas y zonas infantiles. Salón-comedor muy amplio con orientación sur-este. 3 dormitorios amplios con armarios empotrados, 2 baños grandes con bañera/ducha, uno de ellos en suite en el dormitorio principal. Cuarta habitación pequeña con uso posible como despacho, de desahogo, etc. Despensa dentro del piso. Calefacción y agua caliente individual, por gas natural. Trastero y comunidad incluidos en el precio. Suministros y agua a cargo del inquilino. Garaje optativo. 2 meses de fianza.', 'https://robohash.org/voluptateshiclaborum.png?size=50x50&set=set1', 'PISO', 750.78, 132, 4, 2, true, false, true, true, 30, 'ce802e0d-45d6-55ca-90f2-5dc19d03f327');
insert into dwelling (id, name, address, description, image, type, price, m2, num_bedrooms, num_bathrooms, has_elevator, has_pool, has_terrace, has_garage, province_id, user_id) values (NEXTVAL('hibernate_sequence'), 'Chalet adosado en avenida de Don Pedro Hernando Sanz, 82', 'Los Robles, Seseña', 'AMPLIO Chalet pareado DE 242 M2 situado en Seseña VIEJO. Compuesto por 2 plantas: Primera Planta formada por salón independiente con acceso a PATIO, cocina office amueblado, baño completo, además de contar con un amplio patio trasero de 80 m y delantero. Segunda planta formada por dormitorio principal, con baño suite, 3 dormitorios dobles además de contar con un baño principal con bañera. La vivienda tiene muy buenas calidades, como armarios empotrados de gran capacidad en dormitorios. Es muy luminosa gracias a los grandes ventanales. El inmueble se encuentra en una zona de Seseña Viejo, Seseña, con servicios cercanos como supermercados de reciente apertura. La zona tiene fácil acceso a la A-4 y está comunicada por la red de transportes del municipio.', 'https://robohash.org/doloremblanditiisiusto.png?size=50x50&set=set1', 'CHALET', 1000.54, 243, 4, 3, false, false, true, true, 48, '5bd0ab0d-7b12-5485-a1c2-83d3d463add8');
insert into dwelling (id, name, address, description, image, type, price, m2, num_bedrooms, num_bathrooms, has_elevator, has_pool, has_terrace, has_garage, province_id, user_id) values (NEXTVAL('hibernate_sequence'), 'Casa independiente en calle Hortensia, 46', 'San Gonzalo, Linares', 'El chalet esta muy bien situada frente a dos colegios primaria y secundaria. a 50 metros de centro de salud. 40 metros de polideportivo a 15 minutos de linea de autobuses. 10 minutos de estacion del tren. 50 metros parada autobus. doy a dos calles camelia y hortensia, . el precio del alquiler 999€ es para larga temporada obcion de compra entrada el 50% de momento este año solo alquiler de mayo a octubre para vacacional máximo de personas 6 o 7. El mes mayo desde semana 600€ 15 días 1150€mes 2200€ mes de junio primera semana 650€ quincena 1200€ segunda quincena por semana 700€por quincena 1300€ mes 2400€ julio y agosto por semana 750€ 15dias 1,400€, por mes 2,600€ para el mes de septiembre 750€ la primera, quincena 1350€a partir del 15 de septiembre la semana 700€por15dias1300€por mes 2,400 y octubre 650€ primera semana por 15dias 1,250€ tercera semana 600€ quincena 1150€y por mes 2,300€ por fin de semana 400€. dejar limpio porfavor se desquitara 50€ para limpieza más gastos. La fianza será la misma que el alquiler, por semana, quincenas o mes que será devuelta si no hay ningunos desperfectos, si no estan interesados en las condiciones no llamen para contactar mejor por wass y movil 647616423. Preguntar por Cati gracias.', 'https://robohash.org/ipsametaperiam.png?size=50x50&set=set1', 'CASA', 999.15, 320, 4, 4, false, true, true, true, 27, '3724f1a1-cfed-52ec-b1fa-9c41b6928648');
insert into dwelling (id, name, address, description, image, type, price, m2, num_bedrooms, num_bathrooms, has_elevator, has_pool, has_terrace, has_garage, province_id, user_id) values (NEXTVAL('hibernate_sequence'), 'Casa independiente en calle del Pare Lluís Navarro', 'El Cabanyal-El Canyamelar, València', 'Casa independiente en alquiler temporal en el barrio del Cabañal ALQUILER DE CORTA ESTANCIA  A PARTIR DE SEPTIEMBRE 2023. Alquiler de preciosa casita individual de dos plantas, a 5 minutos caminando a la playa. Esta bonita casa está distribuida en dos plantas, en la parte de abajo se encuentra el salón comedor muy luminoso con sofá, 2 sillones, un Smart Tv de 50 pulgadas, con un baño completo y zona de trabajo adicional, con mesa extensible si lo necesitas. En la parte superior una habitación con una amplia cama de matrimonio con otro Smart Tv, ventanas con aislamiento térmico y acústico para una mayor tranquilidad, un segundo baño completo con ducha, una segunda zona de despacho y terraza privada con una pequeña fuente para disfrutar de agradables momentos de lectura o descanso. Se encuentra situado en el antiguo barrio del Cabañal, muy cerca de la playa, y muy bien comunicada con el centro de la ciudad, todos los servicios y transporte público. Si le gustaría visitar esta vivienda, no dude en ponerse en contacto con nosotros, esteremos encantados de atenderle', 'https://robohash.org/magnamquiadolor.png?size=50x50&set=set1', 'CASA', 1450.02, 100, 1, 2, false, false, true, false, 49, '3e35d4f4-7716-54b2-9bdf-805ac4f5b6f0');
insert into dwelling (id, name, address, description, image, type, price, m2, num_bedrooms, num_bathrooms, has_elevator, has_pool, has_terrace, has_garage, province_id, user_id) values (NEXTVAL('hibernate_sequence'), 'Chalet pareado en Santa Marta de Tormes', 'Área Metropolitana, Salamanca', 'Solución inmobiliaria ofrece EN ALQUILER espectacular chalet pareado en la URB. ATIKA, una de las mejores Urbanizaciones de Salamanca, sin amueblar. El chalet consta de 74 m2 en la planta baja y en la 1º planta de 64 m2, distribuidos en 3 habitaciones, 3 baños, salón con salida a amplio balcón, cocina amueblada y equipada. Garaje de 63 m2 en planta baja con habitación para almacenar y consta de jardín La Urbanización consta de zonas comunes como Piscina, Pista de Paddel, Tenis; jardines, etc. Este anuncio no es vinculante y puede contener errores; se muestra a título informativo y no contractual. Gracias por su tiempo.', 'https://robohash.org/eosexpeditaquibusdam.png?size=50x50&set=set1', 'CHALET', 900.76, 201, 3, 3, true, true, true, true, 41, 'ce802e0d-45d6-55ca-90f2-5dc19d03f327');
insert into dwelling (id, name, address, description, image, type, price, m2, num_bedrooms, num_bathrooms, has_elevator, has_pool, has_terrace, has_garage, province_id, user_id) values (NEXTVAL('hibernate_sequence'), 'Piso en Prat de la Riba', 'Princep de Viana-Clot, Lleida', 'REFORMA INTEGRAL EN PRAT DE LA RIBA Vivienda que disfruta de una magnífica ubicación en la calle Prat de la Riba. Ha sido reformada integralmente, por lo que los inquilinos que la arrienden la estrenarán. Muy bien orientada al sur. Ventilación cruzada. Edificio con ascensor y buen vecindario. Comunidad ordenada. Distribuida en tres habitaciones, dos de ellas dobles y una individual, un baño, cocina independiente, salón comedor y balcón. Pavimento de parquet, calefacción individual de gas, cerramientos exteriores de aluminio, carpintería interior lacada en blanco, bonito baño con plato de ducha. Perfecto para familias.', 'https://robohash.org/sitquiarchitecto.png?size=50x50&set=set1', 'PISO', 749.61, 71, 3, 1, true, false, true, true, 32, 'f87239fd-e902-5cf7-8e9e-4b85bf5d323d');
insert into dwelling (id, name, address, description, image, type, price, m2, num_bedrooms, num_bathrooms, has_elevator, has_pool, has_terrace, has_garage, province_id, user_id) values (NEXTVAL('hibernate_sequence'), 'Piso en Olivar, 25', 'Lavapiés-Embajadores, Madrid', 'Vivienda exterior con tres balcones en el salón a una calle muy tranquila. Recién reformada y perfecto estado. Muy luminosa. Calefacción y aire acondicionado individuales. La cocina cuenta con lavadora/secadora y frigorífico. Se alquila sin muebles, aunque se da la opción de dejar la cama y algún otro mueble si interesa al inquilino. Los gastos de comunidad están incluidos en el precio. No incluidos los consumos (agua, electricidad, internet.. . ). Sin comisión de agencia ni para el propietario ni para el inquilino. Requisitos: Contrato de trabajo indefinido y las 3 últimas nóminas. 1 mes de fianza y, si se quiere mobiliario, 1 mes de depósito.', 'https://robohash.org/sedprovidentarchitecto.png?size=50x50&set=set1', 'PISO', 875.59, 85, 6, 3, false, false, true, false, 33, '3e35d4f4-7716-54b2-9bdf-805ac4f5b6f0');
insert into dwelling (id, name, address, description, image, type, price, m2, num_bedrooms, num_bathrooms, has_elevator, has_pool, has_terrace, has_garage, province_id, user_id) values (NEXTVAL('hibernate_sequence'), 'Piso en calle San Millán', 'El Ejido, Málaga', '¡Ésta es tu oportunidad de conseguir un piso de calidad por un precio increíble! Este fantástico piso de cuatro dormitorios se encuentra totalmente amueblado. Tiene una cocina equipada con todos los electrodomésticos necesarios. Además de ello, cuenta con dos grandes cuartos de baño. Está a menos de 1 minutos de la Facultad del Ejido y también se encuentra muy bien comunicado con el centro, ya sea andando o vía bus. Piso reformado, exterior muy soleado, aire acondicionado frío/calor en todas las estancias, baños y cocina de primera calidad. La zona le permite también disfrutar de todo tipo de servicios como restaurantes, bares, supermercados y centros de salud. ¡Venga a verlo! Se informa al cliente que los honorarios de agencia por los servicios prestados durante la operación de arrendamiento son de 1 mensualidad. Así también se pone en su conocimiento que es necesario acreditar SOLVENCIA mediante ingresos demostrables.', 'https://robohash.org/quiundenihil.png?size=50x50&set=set1', 'PISO', 1600.38, 125, 4, 2, true, false, false, false, 28, '5bd0ab0d-7b12-5485-a1c2-83d3d463add8');
insert into dwelling (id, name, address, description, image, type, price, m2, num_bedrooms, num_bathrooms, has_elevator, has_pool, has_terrace, has_garage, province_id, user_id) values (NEXTVAL('hibernate_sequence'), 'Casa adosado en calle CASTILLO DE ALMORCHÓN', 'Avda. Elvas, Badajoz', 'Se alquila vivienda en la urbanización Guadiana, zona tranquila rodeada de zonas verdes y de todas las necesidades del día a día. La vivienda se encuentra en perfecto estado (vivienda recién pintada al completo, cuartos de baños reformado (excepto uno) y cocina totalmente reformada con todos los electrodomésticos incluidos. La vivienda se divide de la siguiente manera: -En primera planta consta de salón, cocina con acceso a patio y un aseo -En segunda planta tendríamos cuatro dormitorios y dos cuartos de baños completos (uno en suite con el dormitorio principal) -En planta sótano tendríamos cochera privada con espacio para dos coches y moto e incluso zona de trastero. La vivienda se encuentra lista para poder entrar. Aprovecha la oportunidad y ven a verlo con nosotros.', 'https://robohash.org/eosadipiscidistinctio.png?size=50x50&set=set1', 'CASA', 900.96, 259, 4, 3, false, false, true, true, 8, '3724f1a1-cfed-52ec-b1fa-9c41b6928648');
insert into dwelling (id, name, address, description, image, type, price, m2, num_bedrooms, num_bathrooms, has_elevator, has_pool, has_terrace, has_garage, province_id, user_id) values (NEXTVAL('hibernate_sequence'), 'Piso en calle Colón, 7', 'Centro, Palencia', 'Apartamento céntrico y exterior. Se exige solvencia económica para seguro de alquiler a cargo del arrendador. Disponible en marzo.', 'https://robohash.org/voluptasdelectusperspiciatis.png?size=50x50&set=set1', 'PISO', 390.94, 40, 1, 1, true, false, false, false, 39, '99ec6bb0-6c98-593c-812b-86ab4de48361');
insert into dwelling (id, name, address, description, image, type, price, m2, num_bedrooms, num_bathrooms, has_elevator, has_pool, has_terrace, has_garage, province_id, user_id) values (NEXTVAL('hibernate_sequence'), 'Chalet independiente en calle de la Muntanyeta de Sant Josep, 26', 'Zona Playa de la Concha, Oropesa del Mar', 'Villa luminosa familiar con jardín, a 100 metros de la playa de arena y a 50 de la zona de la Isleta y de las rocas. Espectaculares vistas sobre la playa de Morro de Gos, Alcocebre, Peñíscola. En la primera planta se encuentra el comedor con chimenea muy amplio, cocina con office donde puedes comer o desayunar, y un aseo. 4 dormitorios con armarios empotrados (2 de ellos con acceso a una terraza desde la que puedes ver un bonito amanecer) y 2 baños completos se encuentran en la planta superior. Garaje para 1 coche (con espacio además para moto, bicis o almacenaje) en el semisótano. Es posible aparcar otro vehículo en el exterior de la vivienda. La casa está rodeada por un jardín con barbacoa y otra amplia terraza para disfrutar junto a la brisa del mar. Solo alquiler de larga estancia, mínimo 1 año.', 'https://robohash.org/quisabvoluptatem.png?size=50x50&set=set1', 'CHALET', 900.13, 300, 4, 3, true, true, true, true, 16, 'f87239fd-e902-5cf7-8e9e-4b85bf5d323d');
insert into dwelling (id, name, address, description, image, type, price, m2, num_bedrooms, num_bathrooms, has_elevator, has_pool, has_terrace, has_garage, province_id, user_id) values (NEXTVAL('hibernate_sequence'), 'Casa independiente en Passatge Oriol', 'Valldoreix, Sant Cugat del Vallès', 'Casa práctica con sus estancias principales en una sola planta, se compone de 3 habitaciones, 2 individuales y una de matrimonio. Las tres cuentan con armarios empotrados. Adicionalmente Un baño completo y un aseo de cortesía. Espacioso de salón comedor con cocina abierta con terraza a pie de salón. Parcela de 350 m2, que te ofrece zonas amplias para disfrutar de barbacoas con familia y amigos. Tiene accesos por dos calles. Por el lado de acceso de los coches tienes un espacio de almacén o trastero. Casa disponible para entrar cuando tu desees.', 'https://robohash.org/exeosvoluptatem.png?size=50x50&set=set1', 'CASA', 1529.37, 126, 3, 2, false, false, true, true, 10, '5bd0ab0d-7b12-5485-a1c2-83d3d463add8');
insert into dwelling (id, name, address, description, image, type, price, m2, num_bedrooms, num_bathrooms, has_elevator, has_pool, has_terrace, has_garage, province_id, user_id) values (NEXTVAL('hibernate_sequence'), 'Casa independiente en Iñas, cerca centro comercial', 'Nós, Oleiros', 'Planta alta de chalet con entrada y finca independientes. Amueblado. Cuenta con 4 habitaciones, 2 baños, salón y cocina. Todas las estancias son muy amplias. Buen estado. Cuenta con una bonita finca ajardinada e independiente de unos 1.000 m2. Dispone de dos plantas independientes que se alquilan por separado. Cada planta tiene su propia entrada y finca independiente. El entorno inmediato es muy tranquilo y a la vez bien comunicado, próximo al parque comercial de Oleiros. Condiciones de alquiler: -1 mes de fianza -1 mes garantía adicional -seguro de alquiler. -no se admiten mascotas.', 'https://robohash.org/perferendisfugiatqui.png?size=50x50&set=set1', 'CASA', 700.35, 120, 4, 2, false, false, true, true, 1, '2bd9e760-a11e-5d8f-9641-1c54e79c57a1');
insert into dwelling (id, name, address, description, image, type, price, m2, num_bedrooms, num_bathrooms, has_elevator, has_pool, has_terrace, has_garage, province_id, user_id) values (NEXTVAL('hibernate_sequence'), 'Piso en San Antonio Abad - Polígono San Antón', 'C/ Carmen Ibáñez, Albacete', 'Oportunidad de piso totalmente reformado y amueblado, tanto las calidades de construcción como de mobiliario sonde gran calidad. Ventanas con: cristal climalit-rotura de puente térmico, abatibles y oscilobatientes. Tarima sintética ignífuga nivel 5, porcelánicos, puerta blindada etc. Consta de 96 m2 construidos distribuidos en 3 dormitorios, 2 cuartos de baño, 1 salón? comedor con salida a un balcón y 1 cocina independiente amueblada y equipada. la comunidad esta incluida, en la misma entran los suministros de calefacción y agua. Incluye plaza de garaje en la misma finca. Disponible para marzo.', 'https://robohash.org/earummagniea.png?size=50x50&set=set1', 'PISO', 650.86, 96, 3, 2, true, false, true, false, 3, '5bd0ab0d-7b12-5485-a1c2-83d3d463add8');
insert into dwelling (id, name, address, description, image, type, price, m2, num_bedrooms, num_bathrooms, has_elevator, has_pool, has_terrace, has_garage, province_id, user_id) values (NEXTVAL('hibernate_sequence'), 'Chalet adosado en calle Gorbea, 1', 'Legutio, Álava', 'ALQUILER CON OPCIÓN A COMPRA Vivienda unifamiliar adosada de tres plantas en pleno centro de Legutiano. Posibilidad de intercambio por un piso o de alquiler con opción a venta La casa se compone de la siguiente manera: Planta baja: Txoko, garaje y jardín exterior de 40m Planta primera, Entrada exterior de unos 20m2, recibidor, cocina, gran comedor, baño, y una pequeña habitación que podría ser utilizada como desván. Planta 2: Tres amplias habitaciones, todas exteriores con terraza y una de ellas con un bonito mirador al monte Gorbea. Planta 3: Ático totalmente reformado en madera rústica con disponibilidad de agua. La distancia a Vitoria es de tan solo 12 km de autovía libre de peaje No dudes en preguntarnos por ella, somos flexibles con el precio indicado. Legutio es un precioso pueblo rodeado de hayedos, robledales y un embalse precioso unido al parque natural del Gorbea.', 'https://robohash.org/aliasestvitae.png?size=50x50&set=set1', 'CHALET', 1236.7, 210, 5, 4, false, false, true, true, 2, '3e35d4f4-7716-54b2-9bdf-805ac4f5b6f0');
insert into dwelling (id, name, address, description, image, type, price, m2, num_bedrooms, num_bathrooms, has_elevator, has_pool, has_terrace, has_garage, province_id, user_id) values (NEXTVAL('hibernate_sequence'), 'Piso en Centro', 'C/ Rúa Mercado, Ourense', 'Apartamento con plaza de garaje en el centro, zona del parque Miño. Cuenta con 62m² distribuidos en recibidor, salón-comedor con cocina americana completamente amueblada y equipada, 2 habitaciones con armarios empotrados y 1 cuarto de baño con bañera. Dispone de plaza de garaje y trastero en el mismo edificio. Se encuentra amueblado. Para más información contáctanos al 988060259. SOMOS VIVIENDA.', 'https://robohash.org/repellatatsuscipit.png?size=50x50&set=set1', 'PISO', 487.43, 62, 2, 1, true, false, false, true, 38, '5bd0ab0d-7b12-5485-a1c2-83d3d463add8');
insert into dwelling (id, name, address, description, image, type, price, m2, num_bedrooms, num_bathrooms, has_elevator, has_pool, has_terrace, has_garage, province_id, user_id) values (NEXTVAL('hibernate_sequence'), 'Piso en el Centro', 'C/ Feria, Sevilla', 'APARTAMENTO NUEVO DE 2 DORMITORIOS JUNTO A BASILICA Y RESOLANA. Apartamento amueblado de 2 dormitorios nuevo. Dispone de salon comedor, cocina amueblada y equipada independiente, baño y 2 dormitorios. Magnificas calidades y acabados. Exterior. Planta primera. Ascensor. Solo 3 vecinos. Zona muy tranquila. Junto a calle Resolana. Para mas informacion o visitas contacte con ALOJARIA GESTION INMOBILIARIA. 954218777-627569919.', 'https://robohash.org/ipsumaliasporro.png?size=50x50&set=set1', 'PISO', 746.91, 65, 2, 1, true, false, false, false, 43, '99ec6bb0-6c98-593c-812b-86ab4de48361');
insert into dwelling (id, name, address, description, image, type, price, m2, num_bedrooms, num_bathrooms, has_elevator, has_pool, has_terrace, has_garage, province_id, user_id) values (NEXTVAL('hibernate_sequence'), 'Piso en avenida de Juan XXIII', 'Nou Benicalap, València', '850 €/ mes, z/ nou benicalap, avda. Juan xxiii, vivienda vacía y con electrodomésticos, con plaza de garaje incluida, salón comedor amplio con balcón y aire acond. F/c, 3 habitaciones, cocina independiente, con galería, 2 baños completos, uno en suite, arm. Empotrados, calef. Por radiadores, suelo de terrazo, buena ubicación, para entrar. Ref. : 4321.', 'https://robohash.org/autofficia.png?size=50x50&set=set1', 'PISO', 850.52, 86, 3, 2, true, false, true, false, 49, '5bd0ab0d-7b12-5485-a1c2-83d3d463add8');
insert into dwelling (id, name, address, description, image, type, price, m2, num_bedrooms, num_bathrooms, has_elevator, has_pool, has_terrace, has_garage, province_id, user_id) values (NEXTVAL('hibernate_sequence'), 'Piso en calle ALFONSO I', 'Alfonso, Zaragoza', 'Precioso y coqueto apartamento reformado en el centro de zaragoza. Nuevo a estrenar. Exterior a calle prudencio, con vistas a la basílica del pilar. Piso sin amueblar de un dormitorio con baño incorporado, salón-cocina completamente equipada. Tanto el salón como el dormitorio tienen balcones exteriores a calle alfonso. La calefaccion es eléctrica por radiadores y tiene ventiladores de techo, suelos de mármol y recién pintado. Grandes ventanales y balcones, muy luminoso. Comunidad incluida en la mensualidad. Sin comision de agencia. Es un sueño levantarte y ver las torres del pilar, situado en la calle alfonso.', 'https://robohash.org/voluptatemeiusrepudiandae.png?size=50x50&set=set1', 'PISO', 625.46, 45, 1, 1, true, false, true, false, 52, '3e35d4f4-7716-54b2-9bdf-805ac4f5b6f0');
insert into dwelling (id, name, address, description, image, type, price, m2, num_bedrooms, num_bathrooms, has_elevator, has_pool, has_terrace, has_garage, province_id, user_id) values (NEXTVAL('hibernate_sequence'), 'Piso en calle Argentina, 4', 'Los Bloques, Zamora', 'Piso pintado en su totalidad y con cocina y electrodomésticos a estrenar. Habitaciones con cerradura y mesas de escritorio. 2 camas de 105cm y 1 cama de 150cm. Totalmente exterior con terrazas. Se encuentra a 1 minuto del Campus Universitario. Comunidad incluida en el precio/mes.', 'https://robohash.org/quiautreprehenderit.png?size=50x50&set=set1', 'PISO', 476.72, 70, 3, 1, false, false, true, false, 51, '5bd0ab0d-7b12-5485-a1c2-83d3d463add8');
insert into dwelling (id, name, address, description, image, type, price, m2, num_bedrooms, num_bathrooms, has_elevator, has_pool, has_terrace, has_garage, province_id, user_id) values (NEXTVAL('hibernate_sequence'), 'Piso en VARSÒVIA', 'El Guinardó, Barcelona', 'Apartamento en alquiler de 1 habitación doble, balcón, salón y comedor independiente, muy soleado, baño reformado, cocina. Finca sin ascensor (4º). OBSERVACIONES: Alquiler de 4 a 11 meses. Precio mensual de alquiler 900€. Están incluidos en el precio los gastos de la comunidad, el seguro y el IBI. No están incluidos los honorarios de la agencia, ni los consumos de agua y luz.', 'https://robohash.org/voluptatibuserrorillo.png?size=50x50&set=set1', 'PISO', 886.91, 40, 1, 1, false, false, true, false, 10, '99ec6bb0-6c98-593c-812b-86ab4de48361');
insert into dwelling (id, name, address, description, image, type, price, m2, num_bedrooms, num_bathrooms, has_elevator, has_pool, has_terrace, has_garage, province_id, user_id) values (NEXTVAL('hibernate_sequence'), 'Casa independiente en Bellas Artes', 'Montecanal-Valdespartera-Rosales del Canal, Zaragoza', 'Chalet independiente en Urbanización Montecanal, la mejor Zona Residencial de Zaragoza. Consta de 343 m2 construidos, 305 m2 útiles de vivienda en parcela de 324 m2, distribuidos en 4 PLANTAS, con 3 dormitorios dobles, además de JARDÍN PRIVADO y GARAJE para 3 coches.', 'https://robohash.org/estevenietquas.png?size=50x50&set=set1', 'CASA', 1750.99, 343, 3, 3, false, false, true, true, 52, 'ce802e0d-45d6-55ca-90f2-5dc19d03f327');
insert into dwelling (id, name, address, description, image, type, price, m2, num_bedrooms, num_bathrooms, has_elevator, has_pool, has_terrace, has_garage, province_id, user_id) values (NEXTVAL('hibernate_sequence'), 'Ático en San Vicente Ferrer, 74', 'Malasaña-Universidad, Madrid', 'Soñar Contigo presenta, en exclusiva, esta preciosa y especial estudio-buhardilla en la calle San Vicente Ferrer, en el barrio de Malasaña, una de las zonas más cosmopolitas y modernas de la capital. La buhardilla ha sido saneada, reformada y modernizada por completo, manteniendo a la vista los elementos constructivos que le dan más carácter, como el parche de ladrillo visto o las vigas de madera al aire pintadas en blanco. Nos encontramos ante una vivienda práctica y con una gran personalidad, algo que se nota desde el momento en que entramos por la puerta. La buhardilla ha sido reamueblada por completo para su puesta a la venta, incluyendo electrodomésticos nuevos, y esta totalmente equipada para entrar a vivir, incluyendo textiles de cama y baño, vajilla, electrodomésticos, batería de cocina, Smart TV, plancha, secador, exprimidor y cafetera Nespresso.', 'https://robohash.org/consequunturquiareiciendis.png?size=50x50&set=set1', 'PISO', 900.55, 30, 0, 1, false, false, false, false, 33, 'f87239fd-e902-5cf7-8e9e-4b85bf5d323d');
insert into dwelling (id, name, address, description, image, type, price, m2, num_bedrooms, num_bathrooms, has_elevator, has_pool, has_terrace, has_garage, province_id, user_id) values (NEXTVAL('hibernate_sequence'), 'Casa independiente en avenida Y Paseo Virgen de Consolacion, 7', 'C/ La Hiedra, Jaén', 'Este Adosado está situado en el centro histórico de Castellar. La entrada está en una avenida peatonal con acceso al tráfico rodeado por residentes. La actividad económica gira en torno a la agricultura y en especial a la olivicultura. Su extensión superficial es de 159 km². Si te gusta el conectar con la naturaleza, vivir en un pueblo con una gente cercana y amigable. Podrás disfrutar de su gran gastronomía y sus deliciosos aceites de oliva. Este adosado se compone de 4 plantas. Sin duda una de las joyas Inmobiliarias de Castellar. Pocas propiedades como está podrás encontrar en el pueblo. Destaca por sus materiales de construcciones y perfecta distribución de sus estancias. En la planta principal podrás encontrar 2 salones con chimenea donde poder encender una lumbre en las noches de frío donde reunirte con tu familia o amigos, 1 baño, cocina-comedor con chimenea y balcón con vistas infinitas de olivos y parte sierra morena. En la planta inferior podemos destacar el gran salón con minibar para reuniones y celebraciones. un despensero y salida a la zona de la piscina climatizada y vistas increíbles que da a la parte de atrás en una zona muy tranquila. En la primera planta se encuentran los dormitorios. 1 Dormitorio en Suite y 2 dormitorios más 1 baño. El dormitorio en Suite destaca por su gran amplitud y vistas al interior y exterior de la casa. También dispone de un balcón interior con vistas al salón principal de la planta principal. Los dormitorios sin suite tienen vistas a la piscina, a las montañas de olivos y sierra. En la última planta hay 2 dormitorios de invitados en suite muy amplios. En su arquitectura podemos destacar el diseño abierto y con gran luminosidad ya que el centro de la casa tiene un techo de cristal de gran resistencia que hace que siempre haya luz en toda la vivienda. La parte de la piscina con unas vista infinitas a un inmenso mar de olivos y sierra morena, es de las zonas que se pueden disfrutar tanto en invierno como en verano la tranquilidad de un pueblo muy hospitalario y buena gente, su gastronomía, fiestas y cultura. las ciudades de alrededor con patrimonio de la humanidad, sierra morena y sierra de Cazorla hace de jaén una ciudad con mucho encanto y una gran cultura. El clima mediterráneo hace que puedas tener una propiedad de lujo a un precio increíble.', 'https://robohash.org/delectusdignissimoset.png?size=50x50&set=set1', 'CASA', 1486.43, 400, 6, 5, false, true, true, true, 27, 'ce802e0d-45d6-55ca-90f2-5dc19d03f327');
insert into dwelling (id, name, address, description, image, type, price, m2, num_bedrooms, num_bathrooms, has_elevator, has_pool, has_terrace, has_garage, province_id, user_id) values (NEXTVAL('hibernate_sequence'), 'Chalet pareado en Av de Europa s/n', 'Zona Avenida de Europa, Montequinto', 'Casa adosada de 2 habitaciones, 3 baños, cocina amueblada y dos patios ( uno de ellos con Césped artificial). Totalmente reformada y en muy buen estado. Tiene La cocina totalmente amueblada con todos los electrodomésticos. El resto está sin amueblar (Tal como las fotos) La casa se encuentra dentro de una urbanización, lo que hace que sea muy tranquila y con mucha privacidad. Piscina comunitaria, garaje individual para un vehículo y un trastero en el jardín trasero. Se encuentra en una de las mejores zonas de Montequinto, junto al Parque de los Pinos, supermercados, colegios, farmacias, restaurantes, centros deportivos, etc. Tiene buena comunicación con la parada de metro a unos 900 metros (10 min andando) y parada de autobús cerca La casa se alquila hasta Septiembre de 2024 aproximadamente. 1 mes de fianza, Contrato de trabajo/Renta año 2022, estabilidad financiera. Contactos por mensajes mediante wasap al teléfono indicado (No llamadas).', 'https://robohash.org/sapienteealaboriosam.png?size=50x50&set=set1', 'CHALET', 976.19, 107, 2, 3, false, true, true, true, 43, '3e35d4f4-7716-54b2-9bdf-805ac4f5b6f0');

insert into favourites (user_id, dwelling_id) values ('2bd9e760-a11e-5d8f-9641-1c54e79c57a1', 67)